{
  "mu": 7.320715145198164e-10,
  "std": 11.827402124868165
}